atsilo.util.IterableOnlyOnce.java;1
atsilo.util.AtsiloConstants.java;0
atsilo.application.AlgoritmoRicerca.java;0
atsilo.application.AlgoritmoRicercaUtente.java;0
atsilo.application.ControlRispostaQuestionario.java;3
atsilo.application.AlgoritmoRicercaPersonaleAsilo.java;0
atsilo.application.AlgoritmoRicercaBambino.java;0
atsilo.application.ControlDatiPersonali.java;15
atsilo.application.ControlGestionePersonale.java;0
atsilo.application.notificheMail.NotificaMailComposizioneClasse.java;2
atsilo.application.notificheMail.NotificaMail.java;2
atsilo.application.notificheMail.ControlNotificaMail.java;2
atsilo.application.notificheMail.NotificaMailRegistrazione.java;2
atsilo.application.notificheMail.Messaggio.java;0
atsilo.application.notificheMail.Testnotifichemail.java;0
atsilo.application.notificheMail.NotificaMailEvento.java;2
atsilo.application.notificheMail.NotificaMailLicenziamento.java;2
atsilo.application.ControlEvento.java;5
atsilo.application.AlgoritmoRicercaPersonaleFormazione.java;0
atsilo.application.ControlDomandaQuestionario.java;5
atsilo.application.ControlServizio.java;4
atsilo.application.ControlClassi.java;11
atsilo.application.ControlMensa.java;4
atsilo.application.ControlLogin.java;1
atsilo.application.ControlAttivita.java;5
atsilo.application.ControlAssenza.java;3
atsilo.application.ControlMenu.java;1
atsilo.application.ControlTirocinante.java;4
atsilo.application.ControlRegistro.java;3
atsilo.application.ContestoRicerca.java;1
atsilo.application.ControlIscrizione.java;11
atsilo.application.ControlIscritti.java;0
atsilo.application.ControlRicercaDati.java;1
atsilo.application.ControlOrario.java;7
atsilo.application.ControlData.java;2
atsilo.application.ControlQuestionario.java;16
atsilo.application.forum.ControlForum.java;1
atsilo.application.servlet.ServletControlTirocinantiInserisci.java;3
atsilo.application.servlet.ServletAggiungiPunteggio.java;2
atsilo.application.servlet.ServletEventoModifica.java;2
atsilo.application.servlet.ServletModificaDatiAccount.java;2
atsilo.application.servlet.ServletDomandaIscrizioneConvalida.java;2
atsilo.application.servlet.ServletEventoInserisci.java;2
atsilo.application.servlet.ControlCompilaQuestionario.java;2
atsilo.application.servlet.servletControlQuestionario.java;2
atsilo.application.servlet.ServletControlClasseIns.java;2
atsilo.application.servlet.ServletControlClasseCanc.java;2
atsilo.application.servlet.ServletControlLogin.java;2
atsilo.application.servlet.ServletEventoElimina.java;2
atsilo.application.servlet.ServletCompilazioneDatiBando.java;2
atsilo.application.servlet.ServletControlBandoIM.java;2
atsilo.application.servlet.ServletBandoCarica.java;2
atsilo.application.servlet.ServletConvalidaClasseBambino.java;2
atsilo.application.servlet.ServletControlClasseAss.java;2
atsilo.application.servlet.ServletRegistrazioneAccount.java;2
atsilo.application.servlet.ServletIscrizioneBambino.java;2
atsilo.application.servlet.ServletControlEliminaQuestionario.java;2
atsilo.application.ControlGestioneBando.java;10
atsilo.application.ControlProgrammaEducativo.java;4
atsilo.application.ControlCampiRadioCheck.java;1
atsilo.entity.RegistroTirocinante.java;10
atsilo.entity.RispostaQuestionario.java;9
atsilo.entity.Utente.java;36
atsilo.entity.OrarioUtente.java;16
atsilo.entity.ResponsabileQuestionario.java;0
atsilo.entity.EducatoreDidattico.java;3
atsilo.entity.ResponsabileTirocini.java;0
atsilo.entity.CompilaQuestionario.java;4
atsilo.entity.Insegna.java;4
atsilo.entity.Bambino.java;43
atsilo.entity.Account.java;6
atsilo.entity.Attivita.java;13
atsilo.entity.Servizio.java;12
atsilo.entity.Nota.java;4
atsilo.entity.Fattura.java;6
atsilo.entity.PersonaleAsilo.java;4
atsilo.entity.phpbb_user.java;154
atsilo.entity.Beans.java;0
atsilo.entity.Massimo.java;6
atsilo.entity.StatisticheQuestionario.java;5
atsilo.entity.MenuMensa.java;16
atsilo.entity.Registro.java;9
atsilo.entity.AttivitaTirocinante.java;12
atsilo.entity.Genitore.java;23
atsilo.entity.ProgrammaEducativoSettimanale.java;11
atsilo.entity.Assenza.java;4
atsilo.entity.Schedulazione.java;5
atsilo.entity.DomandaQuestionario.java;9
atsilo.entity.Retta.java;17
atsilo.entity.Extra.java;11
atsilo.entity.Questionario.java;21
atsilo.entity.EventPlanner.java;0
atsilo.entity.DomandaIscrizione.java;55
atsilo.entity.Evento.java;18
atsilo.entity.CampoDomandaQuestionario.java;11
atsilo.entity.RichiestaTirocinante.java;12
atsilo.entity.Psicopedagogo.java;2
atsilo.entity.Feedback.java;6
atsilo.entity.Richiesta.java;14
atsilo.entity.Contestazione.java;6
atsilo.entity.Partecipa.java;4
atsilo.entity.Classe.java;7
atsilo.entity.Tirocinante.java;19
atsilo.entity.Bando.java;16
atsilo.storage.DBTirocinante.java;4
atsilo.storage.DBCompilaQuestionario.java;2
atsilo.storage.DBQuestionario.java;2
atsilo.storage.DBBambino.java;5
atsilo.storage.ManagerDB.java;5
atsilo.storage.DBCampoDomandaQuestionario.java;3
atsilo.storage.DBBando.java;5
atsilo.storage.DBClasse.java;1
atsilo.storage.DBAssenza.java;3
atsilo.storage.DBEducatoreDidattico.java;4
atsilo.storage.DBGenitore.java;3
atsilo.storage.DBRichiesta.java;4
atsilo.storage.DBMenuMensa.java;3
atsilo.storage.DBPartecipa.java;1
atsilo.storage.DBPsicopedagogo.java;4
atsilo.storage.DBAttivita.java;4
atsilo.storage.DBRetta.java;3
atsilo.storage.DBFattura.java;4
atsilo.storage.DBBeansInterface.java;3
atsilo.storage.DBRispostaQuestionario.java;4
atsilo.storage.DBEvento.java;3
atsilo.storage.DBDomandaQuestionario.java;5
atsilo.storage.Database.java;7
atsilo.storage.DBInsegna.java;1
atsilo.storage.DBFeedback.java;3
atsilo.storage.DBExtra.java;4
atsilo.storage.DBResponsabileQuestionario.java;4
atsilo.storage.DBProgrammaEducativoSettimanale.java;3
atsilo.storage.DBRegistro.java;6
atsilo.storage.DBphpbb_users.java;1
atsilo.storage.DBServizio.java;4
atsilo.storage.Tabella.java;5
atsilo.storage.DBAccount.java;3
atsilo.storage.DBDomandaIscrizione.java;5
atsilo.storage.DBOrarioUtente.java;4
atsilo.storage.DBBeans.java;7
atsilo.storage.DBPersonaleAsilo.java;6
atsilo.exception.AccountException.java;0
atsilo.exception.UtenteException.java;0
atsilo.exception.BandoException.java;0
atsilo.exception.LoginException.java;0
atsilo.exception.InserimentoDatiException.java;0
atsilo.exception.DBConnectionException.java;0
atsilo.exception.RegistroException.java;0
atsilo.exception.QuestionarioException.java;0
atsilo.exception.GenitoreException.java;0
atsilo.exception.DatiPersonaliException.java;0
atsilo.exception.ServizioException.java;0
atsilo.exception.ClasseException.java;0
atsilo.exception.BambinoException.java;0
atsilo.exception.EventoException.java;0
atsilo.exception.DomandaIscrizioneException.java;0
/prototipo/inserisci_fascia_oraria.jsp;1
/prototipo/invia_domanda_confermata.jsp;1
/prototipo/storico_pagamenti.jsp;1
/prototipo/storico_attivita.jsp;1
/prototipo/presenta_bando.jsp;1
/prototipo/index_delegato_rettore.jsp;1
/prototipo/specifiche_bando.jsp;1
/prototipo/visualizza_questionari.jsp;1
/prototipo/inserisci_personale.jsp;1
/prototipo/approva_richieste.jsp;1
/prototipo/index_delegato_scfm.jsp;1
/prototipo/visualizza_orario_servizi.jsp;1
/prototipo/fattura_pagamenti.jsp;1
/prototipo/modifica_orario.jsp;1
/prototipo/inserisci_classe.jsp;1
/prototipo/inserisci_programma.jsp;1
/prototipo/invia_punteggio.jsp;1
/prototipo/graduatoria_rifiutati.jsp;1
/prototipo/statistiche_risposte_aperte.jsp;1
/prototipo/lista_questionari.jsp;1
/prototipo/rinuncia_servizio.jsp;1
/prototipo/modifica_programma.jsp;1
/prototipo/modifica_tirocinante.jsp;1
/prototipo/inserisci_questionario.jsp;1
/prototipo/modifica_orario_servizio.jsp;1
/prototipo/modifica_piano_pasto.jsp;1
/prototipo/ricerca_utente.jsp;1
/prototipo/dati_genitore_non_richiedente.jsp;1
/prototipo/cancella_programma.jsp;1
/prototipo/index_psicopedagoga.jsp;1
/prototipo/approva_tirocinante.jsp;1
/prototipo/index_genitore.jsp;1
/prototipo/registro_pagamenti.jsp;1
/prototipo/attivita_odierna.jsp;1
/prototipo/errore.jsp;1
/prototipo/account_educatore.jsp;1
/prototipo/modifica_questionario.jsp;1
/prototipo/dati_account_genitore.jsp;1
/prototipo/lista_punteggio.jsp;1
/prototipo/account_delegato_sciform.jsp;1
/prototipo/account_delegato_rettore.jsp;1
/prototipo/dati_genitore_richiedente.jsp;1
/prototipo/registro_presenze.jsp;1
/prototipo/lista_domanda_confermata.jsp;1
/prototipo/storico_registro_ped.jsp;1
/prototipo/index_impiegato_asilo.jsp;1
/prototipo/inserisci_tirocinante.jsp;1
/prototipo/atsilo_files/dati_genitore_richiedente_residenti_fisciano.jsp;1
/prototipo/atsilo_files/sidebar_impiegato.jsp;1
/prototipo/atsilo_files/autoinclude_sidebar_giusta_tipologia.jsp;1
/prototipo/atsilo_files/sidebar_impiegato_bando.jsp;1
/prototipo/atsilo_files/includi_sidebar_giusta_tipologia.jsp;1
/prototipo/atsilo_files/header.jsp;1
/prototipo/atsilo_files/dati_genitore_richiedente_altro.jsp;1
/prototipo/atsilo_files/sidebar_top_iscrizione.jsp;1
/prototipo/atsilo_files/sidebar_genitore.jsp;1
/prototipo/atsilo_files/footer.jsp;1
/prototipo/atsilo_files/sidebar_top_bambino.jsp;1
/prototipo/atsilo_files/sidebar_index.jsp;1
/prototipo/atsilo_files/form_ricerca_personale_da_personale.jsp;1
/prototipo/atsilo_files/sidebar_delegato.jsp;1
/prototipo/atsilo_files/dati_genitore_richiedente_personale.jsp;1
/prototipo/atsilo_files/sidebar_direttore.jsp;1
/prototipo/atsilo_files/modifica_dati_account.jsp;1
/prototipo/atsilo_files/sidebar.jsp;1
/prototipo/atsilo_files/form_modifica_account_impiegato.jsp;1
/prototipo/atsilo_files/sidebar_top_genitore.jsp;1
/prototipo/atsilo_files/sidebar_scienzeformazione.jsp;1
/prototipo/atsilo_files/sidebar_ped.jsp;1
/prototipo/atsilo_files/form_ricerca_genitore.jsp;1
/prototipo/atsilo_files/modifica_specifiche_bando.jsp;1
/prototipo/atsilo_files/sidebar_delegato_rettore.jsp;1
/prototipo/atsilo_files/form_ricerca_personale_da_genitore.jsp;1
/prototipo/login.jsp;1
/prototipo/licenzia.jsp;1
/prototipo/modifica_evento.jsp;1
/prototipo/eventi.jsp;1
/prototipo/comunicazioni.jsp;1
/prototipo/logout.jsp;1
/prototipo/modifica_fascia_oraria.jsp;1
/prototipo/account_impiegato.jsp;1
/prototipo/cancella_iscritto.jsp;1
/prototipo/inserimento_giudizio_tirocinante.jsp;1
/prototipo/caricamento_bando.jsp;1
/prototipo/richieste_tirocinanti.jsp;1
/prototipo/lista_evento.jsp;1
/prototipo/index_impiegato_bando.jsp;1
/prototipo/modifica_iscritto.jsp;1
/prototipo/index_educatore.jsp;1
/prototipo/index_direttore.jsp;1
/prototipo/convalida_classe_bambino.jsp;1
/prototipo/modifica_pasti.jsp;1
/prototipo/graduatoria_ammessi.jsp;1
/prototipo/inserisci_iscritto.jsp;1
/prototipo/prova.jsp;1
/prototipo/index_delegato.jsp;1
/prototipo/account_impiegato_bando.jsp;1
/prototipo/modifica_specifiche_bando.jsp;1
/prototipo/cancella_fascia_oraria.jsp;1
/prototipo/index_responsabile_questionario.jsp;1
/prototipo/dati_bambino.jsp;1
/prototipo/visualizza_tirocinanti.jsp;1
/prototipo/statistica_questionario.jsp;1
/prototipo/cancella_classe.jsp;1
/prototipo/presenta_iscrizione.jsp;1
/prototipo/fattura_mensile.jsp;1
/prototipo/iscrizione.jsp;1
/prototipo/situazione_familiare.jsp;1
/prototipo/modifica_personale.jsp;1
/prototipo/servizi_attivi.jsp;1
/prototipo/inserisci_evento.jsp;1
/prototipo/stato_pagamenti.jsp;1
/prototipo/assegna_classe.jsp;1
/prototipo/storico_registro.jsp;1
/prototipo/registrazione_account.jsp;1